Plate_name,Plate_no,Well Position,Primer,Sequence
Plate01,1,A1,nirK.C001.01F.j ,TTTCCAACAACCCGTCTTCTACC
Plate01,1,A2,nirK.C001.02F.j ,TCTCTAACAATCCTTCTTCTACCGTTC
Plate01,1,A3,nirK.C001.03F.j ,TCTCAAACCACCCAGATTCAAA
Plate01,1,A4,nirK.C001.04F.j ,TCTCCAACAATCCTTCTTCTACC
Plate01,1,A5,nirK.C001.05F.j ,TTTCCAACAATCCTTCTTCTACCG
Plate01,1,A6,nirK.C002.01F.j ,GAACAACTTCAGATGACCCGCC
Plate01,1,A7,nirK.C002.02F.j ,ATGTTTACCCGTCGTACCACTTTG
Plate01,1,A8,nirK.C002.03F.j ,ATGAAAGACCTGCAATCGATCCG
Plate01,1,A9,nirK.C002.04F.j ,GAGCAATTCCAGATGACACGCC
Plate01,1,A10,nirK.C002.05F.j ,GCTGCATTGATTACCTCTATATTTGCTC
Plate01,1,A11,nirK.C003.01F.j ,CGCACAACATCGACTTCCACTC
Plate01,1,A12,nirK.C003.02F.j ,AGCACAATATCGACTTCCACTCG
Plate01,1,B1,nirK.C003.03F.j ,CACACAACATTGACTTTCACGC
Plate01,1,B2,nirK.C003.04F.j ,CCCATAATGTTGACTTTCACGCTG
Plate01,1,B3,nirK.C003.05F.j ,CGCACAACATCGACTTTCACTC
Plate01,1,B4,nirK.C003.06F.j ,AGCACAACATCGATTTCCACTC
Plate01,1,B5,nirK.C004.01F.j ,TGATTACACTTACTGGACATTCAACGG
Plate01,1,B6,nirK.C004.02F.j ,GAGCTACACGTTCTGGACCTTC
Plate01,1,B7,nirK.C004.03F.j ,GGAATACCGCTACTGGACATTTGA
Plate01,1,B8,nirK.C004.04F.j ,GCAACTCAACGCCATGACCTAC
Plate01,1,B9,nirK.C005.01F.j ,GAAACCGTGCTGTTCATCCACTC
Plate01,1,B10,nirK.C005.02F.j ,GATCGTGTCCTGATTCTTCATTCGC
Plate01,1,B11,nirK.C005.03F.j ,GAAACCATTCGTCTATTCGTAGGA
Plate01,1,B12,nirK.C006.01F.j ,CACAATATTGACTTCCACGCTGCA
Plate01,1,C1,nirK.C006.02F.j ,CATAATATCGACTTGCACGCAG
Plate01,1,C2,nirK.C006.03F.j ,CATAATATCGACCTGCATGCGG
Plate01,1,C3,nirK.C006.04F.j ,CACAATATTGACTTCCACGCGG
Plate01,1,C4,nirK.C006.05F.j ,CACAACATTGACTTTCACGCAGC
Plate01,1,C5,nirK.C006.06F.j ,CACAACATCGATTTCCACGCAG
Plate01,1,C6,nirK.C007.01F.j ,CTTTCCAACTCAGCCAGCTCAA
Plate01,1,C7,nirK.C007.02F.j ,CTCATCAATCCCGACACCAACTC
Plate01,1,C8,nirK.C007.03F.j ,CTGATCAATCCCGACACCAACC
Plate01,1,C9,nirK.C008.01F.j ,ATGCCGCACAACATCGATTTCC
Plate01,1,C10,nirK.C008.02F.j ,CTGCAGCACAATATCGATTTCCAC
Plate01,1,C11,nirK.C008.03F.j ,CTCGCCCACAACATCGATTTCC
Plate01,1,C12,nirK.C008.04F.j ,ATGCCGCATAACATCGACTTTC
Plate01,1,D1,nirK.C008.05F.j ,CTTCAGCACAATATCGACTTCCAC
Plate01,1,D2,nirK.C009.01F.j ,CCAGATCCACTCCATCGACCTG
Plate01,1,D3,nirK.C010.01F.j ,TTCGTTATTGTCCGTCGCGTTA
Plate01,1,D4,nirK.C011.01F.j ,CCACGAATCGCAGTTCACCTTC
Plate01,1,D5,nirK.C012.01F.j ,CCGCACAACATCGACTTCCATG
Plate01,1,D6,nirK.C013.01F.j ,CATGACCTTCAACGGCTCGATG
Plate01,1,D7,nirK.C014.01F.j ,GCTGACGCTGAAGAACTCACTC
Plate01,1,D8,nirK.C015.01F.j ,ACACAACATCGACTTCCATGCC
Plate01,1,D9,nirS.C001.01F.j ,CGACACCAAGCAGATCATCAAC
Plate01,1,D10,nirS.C001.02F.j ,CGACAGCAAGCAGATCATCAGC
Plate01,1,D11,nirS.C001.03F.j ,CGACAGCAAGCAGATCATCAATA
Plate01,1,D12,nirS.C001.04F.j ,CGACACCAAGAAGATCATCAACATTG
Plate01,1,E1,nirS.C002.01F.j ,AGTTCAAGGGCTATGAGGACAA
Plate01,1,E2,nirS.C002.02F.j ,AGTTCAAGGGCTGGGAAGACAA
Plate01,1,E3,nirS.C002.03F.j ,AGTTCAAGGGCTACGAGGACAAG
Plate01,1,E4,nirS.C002.04F.j ,AGTACAAGGGTTACGAAGACAAGTA
Plate01,1,E5,nirS.C002.05F.j ,AGTACAAGGGCTATGAGGACAAGTA
Plate01,1,E6,nirS.C003.01F.j ,TGAATGCCTACAACCTCGACAA
Plate01,1,E7,nirS.C003.02F.j ,TGAACGCGTACAACATCGACAATC
Plate01,1,E8,nirS.C003.03F.j ,TGAACGACTACAACATCTCGAACATC
Plate01,1,E9,nirS.C003.04F.j ,TGAACAACTACAACCTGCAGAA
Plate01,1,E10,nirS.C003.05F.j ,TGAACAACTACAACATCAGCAACA
Plate01,1,E11,nirS.C004.02F.j ,GGTGTTCATCAAGTACGGCTCG
Plate01,1,E12,nirS.C004.03F.j ,GGTGTTCATCTCCTATGGTTCC
Plate01,1,F1,nirS.C004.04F.j ,GGTCTTCATCAAGTACGGCTCG
Plate01,1,F2,nirS.C004.05F.j ,GACCTTCATCAAGTACGGCAGC
Plate01,1,F3,nirS.C005.01F.j ,ATCGACAACATCTTCTCCACCAC
Plate01,1,F4,nirS.C005.02F.j ,GTCGACAACATCTTCAGCACGA
Plate01,1,F5,nirS.C005.03F.j ,ATCGCCAACATCTTCTCGACCA
Plate01,1,F6,nirS.C005.04F.j ,CTCGACAACATCTTCTCGGTCA
Plate01,1,F7,nirS.C006.01F.j ,TCAAGGGTTACGAAGACAAGTAC
Plate01,1,F8,nirS.C006.02F.j ,ACAAGGGCTACGAGGACAAGTAC
Plate01,1,F9,nirS.C006.03F.j ,ACAAGGGTTACGAAGACAAGCTG
Plate01,1,F10,nirS.C006.04F.j ,TCAAGGGCTTCGAGGACAAGATC
Plate01,1,F11,nirS.C007.01F.j ,AATGTGGCCGAGATCAAGATTGG
Plate01,1,F12,nirS.C007.02F.j ,AACGTTGCAGAAATCCGTATCG
Plate01,1,G1,nirS.C007.03F.j ,ACGGTCGCGGAAATCAAGATTG
Plate01,1,G2,nirS.C007.04F.j ,ATCGTTGCGGAGATCAAAGTCG
Plate01,1,G3,nirS.C008.01F.j ,GAAGAAGGAGAACAACTACAACCTGG
Plate01,1,G4,nirS.C008.02F.j ,GACCAAGCAGAACAAGATCAAC
Plate01,1,G5,nirS.C008.03F.j ,GAAGAAGATGAACGGCTACAACAC
Plate01,1,G6,nirS.C009.01F.j ,AAGTACAAGGGCTACGAGGACA
Plate01,1,G7,nirS.C009.02F.j ,AAGTACAAGGGCTATGAGGACAAG
Plate01,1,G8,nirS.C010.01F.j ,CCAGATGAACGACTACAACTTGGAAA
Plate01,1,G9,nirS.C011.01F.j ,CGTCAACATGATCGACCTGTGG
Plate01,1,G10,nosZ.C001.01F.j ,TATACCACGCTGTTCATCGACA
Plate01,1,G11,nosZ.C001.02F.j ,TACACGACGCTCTTTCTCGACA
Plate01,1,G12,nosZ.C001.03F.j ,TACACCACGCTGTTCATCGACA
Plate01,1,H1,nosZ.C002.01F.j ,CACAATTGATAGATATAACTGGCGAGAA
Plate01,1,H2,nosZ.C002.02F.j ,ACCAGCTCATCGATATTTCCGG
Plate01,1,H3,nosZ.C002.03F.j ,ATCAGTTGATCGACATTTCCGG
Plate01,1,H4,nosZ.C002.04F.j ,ATCAGTTGATCGACATTTCCGGTG
Plate01,1,H5,nosZ.C002.05F.j ,ACCAGTTGATCGACATTTCCGG
Plate01,1,H6,nosZ.C002.06F.j ,ACCAACTGATCGATATTTCCGGC
Plate01,1,H7,nosZ.C003.01F.j ,AGATTTCATCATGGCTTTAGACTGGAA
Plate01,1,H8,nosZ.C003.02F.j ,TGACCATGTTGTTGTATTTGATATTCC
Plate01,1,H9,nosZ.C003.03F.j ,CGACTCCTGCGTCTTCTTCAATG
Plate01,1,H10,nosZ.C003.04F.j ,TGACTATATGCACGTTTATAACTGGC
Plate01,1,H11,nosZ.C004.01F.j ,GAGAAGGTCAATTACATCAAGCAGA
Plate01,1,H12,nosZ.C004.02F.j ,GAAGATATCGACCCAATCCATTCC
Plate02,2,A1,nosZ.C004.03F.j ,GAGAAGGTCAACTACATCAAGCAGA
Plate02,2,A2,nosZ.C004.04F.j ,GAGAAGGTCAACTACATCAAGCA
Plate02,2,A3,nosZ.C004.05F.j ,GAGAAGGTCGAGTACATCAAGCAGA
Plate02,2,A4,nosZ.C005.01F.j ,GATGTTGTTTCTATCGCAGCTAG
Plate02,2,A5,nosZ.C005.02F.j ,GACTTCATCATCTTCAAGCGCGA
Plate02,2,A6,nosZ.C005.03F.j ,GATTTCATCATCTTCAAGCGCGAG
Plate02,2,A7,nosZ.C005.04F.j ,GACGGCACCATTATTCATCGCA
Plate02,2,A8,nosZ.C005.05F.j ,TATTCCCAAATGATCCCTGCAA
Plate02,2,A9,nosZ.C006.01F.j ,GAGTCTGACAGCAAGGTAATCC
Plate02,2,A10,nosZ.C006.02F.j ,GAAGGCGATAACAAGATCATCCG
Plate02,2,A11,nosZ.C006.03F.j ,CGGAAAGGAAATGAGGTGCACG
Plate02,2,A12,nosZ.C006.04F.j ,GATTCCAAGATCATCCGCGACG
Plate02,2,B1,nosZ.C006.05F.j ,GAAGCCGACAACAAGGTTATCC
Plate02,2,B2,nosZ.C006.06F.j ,GAAACGGCTGCCAATGTGATTC
Plate02,2,B3,nosZ.C007.01F.j ,CCTATACCACCCTGTTCCTTGATAGTC
Plate02,2,B4,nosZ.C007.02F.j ,CCTACACCACGCTGTTTATCGAC
Plate02,2,B5,nosZ.C007.03F.j ,CATACACCACACTGTTCCTCGAC
Plate02,2,B6,nosZ.C007.04F.j ,CCTATACCACGCTGTTCATCGAC
Plate02,2,B7,nosZ.C007.05F.j ,CCTACACCACCTTGTTCATCGAC
Plate02,2,B8,nosZ.C008.01F.j ,TACTACGTGTTCTTCTCCTCGG
Plate02,2,B9,nosZ.C008.02F.j ,TACTATGCCTTCAACTCCAGCG
Plate02,2,B10,nosZ.C008.03F.j ,TATTACGGCTTCTGGTCCTCGG
Plate02,2,B11,nosZ.C009.01F.j ,TATTCCGGTGTTCAACGTCGAC
Plate02,2,B12,nosZ.C009.02F.j ,CATCCCGGTATTCAACGTCGATTC
Plate02,2,C1,nosZ.C009.03F.j ,CATCCCGGTCTTCAATATGGAC
Plate02,2,C2,nosZ.C009.04F.j ,TATTCCCGTCTTTAACCGCGATAG
Plate02,2,C3,nosZ.C009.05F.j ,CATACCGGTATTCAACGTCGACTC
Plate02,2,C4,nosZ.C010.01F.j ,TTACACACTGCATTTGACGGTC
Plate02,2,C5,nosZ.C010.02F.j ,TTGCATACTGAGTTTGACGGCA
Plate02,2,C6,nosZ.C010.03F.j ,CTTCACACTCAATTTGATGATAAAGGTTA
Plate02,2,C7,nosZ.C010.04F.j ,TTGCATACTCAATTTGACGACCAA
Plate02,2,C8,nosZ.C010.05F.j ,CTTCATACCCAATTCGATGATAAAGGAA
Plate02,2,C9,nosZ.C010.06F.j ,CTTCACACCGAGTTTGATGATAAAGGA
Plate02,2,C10,nosZ.C011.01F.j ,GGACATCATGAAGTGCGACAAGATC
Plate02,2,C11,nosZ.C011.02F.j ,GGACTACTTCATCTGCGACAAG
Plate02,2,C12,nosZ.C011.03F.j ,CGACTACTTCATCTGCGACAAG
Plate02,2,D1,nosZ.C011.04F.j ,GGACATCATGAAGTGCGACAGG
Plate02,2,D2,nosZ.C012.01F.j ,TATTACCCGGATCATGTGGAGG
Plate02,2,D3,nosZ.C012.02F.j ,AAACGGCCGGATGTCATTGAAG
Plate02,2,D4,nosZ.C012.03F.j ,CTGATGAAATTAAAGTGAATGAGGGCGA
Plate02,2,D5,nosZ.C012.04F.j ,ATCACGCCTGAGATCATTGAGG
Plate02,2,D6,nosZ.C012.05F.j ,ATCAACCCAGAGCACATCGAGG
Plate02,2,D7,nosZ.C013.01F.j ,CAAGGTGCGTGTCTATATGTATTCCAAC
Plate02,2,D8,nosZ.C013.02F.j ,TATGATTAGAAGTCACTTTACTCCTGATA
Plate02,2,D9,nosZ.C013.03F.j ,CAAGGTCCGCGTGTACATGATG
Plate02,2,D10,nosZ.C013.04F.j ,CAAGGTGTTCGTGTACATGACCTC
Plate02,2,D11,nosZ.C013.05F.j ,CAAGGTCCGTGTCTATATGAGTTCTTC
Plate02,2,D12,nosZ.C014.01F.j ,GACAAGAAGCACATCGTCATCA
Plate02,2,E1,nosZ.C014.02F.j ,GACGGCAAGTACATGATCTGCTC
Plate02,2,E2,nosZ.C014.03F.j ,GACGGCAAGTACTTCATCTGCG
Plate02,2,E3,nosZ.C015.01F.j ,CTGGATCAGCTGCCTATTCACTATA
Plate02,2,E4,nosZ.C015.02F.j ,CTTGACCGTACACCTGTCCACTA
Plate02,2,E5,nosZ.C015.03F.j ,CGTCAGAAACTCGATGTGCATTATCA
Plate02,2,E6,nosZ.C015.04F.j ,GAAGACCGCATCCCTACTTATTAC
Plate02,2,E7,nosZ.C015.05F.j ,CTAGACAGAGTACCAACCTACTATTC
Plate02,2,E8,nosZ.C015.06F.j ,GTTGATGTTATCCCGGTTCATTATTGC
Plate02,2,E9,nosZ.C016.01F.j ,GTGCATGATGGTCCCACTTTCG
Plate02,2,E10,nosZ.C016.02F.j ,GTACACGACAACCCGACCTTTG
Plate02,2,E11,nosZ.C016.03F.j ,ATCTACGAAGCTTTCACCGAAC
Plate02,2,E12,nosZ.C016.04F.j ,ATCTATGATATGCCAATCCCTCTTG
Plate02,2,F1,nosZ.C016.05F.j ,CTTCTTGACTTCCCAACTATCGG
Plate02,2,F2,nosZ.C016.06F.j ,GTTTCCGACCATTCCGCCTATC
Plate02,2,F3,nosZ.C017.01F.j ,AGCGGAAGAATGTTTAAAGAAATACC
Plate02,2,F4,nosZ.C017.02F.j ,TCTGGAAGGCTCATAAAGATCATCAAG
Plate02,2,F5,nosZ.C017.03F.j ,AGCGGAAGATTATTCAGAGTTATCC
Plate02,2,F6,nosZ.C017.04F.j ,TCTGCACGGTTGTTCAAGATCATTC
Plate02,2,F7,nosZ.C017.05F.j ,TCCATGCGCATCTTGAAGTATATCG
Plate02,2,F8,nosZ.C017.06F.j ,AGTGGAAGATTACTAAAGGTGGTAC
Plate02,2,F9,nosZ.C018.01F.j ,ATAATTCCAAGATCAACCCGGTC
Plate02,2,F10,nosZ.C018.02F.j ,CGAAAGACAAGATTCAGCCGGC
Plate02,2,F11,nosZ.C018.03F.j ,GCCGGGATCAAATCAAGACAAA
Plate02,2,F12,nosZ.C018.04F.j ,ACCGCAGCAAAGTCAAACCTAA
Plate02,2,G1,nosZ.C018.05F.j ,GCCGGGATCAGATCAAGACAAA
Plate02,2,G2,nosZ.C018.06F.j ,CAGCTAGTAAACTTCATACGAAACC
Plate02,2,G3,nosZ.C019.01F.j ,TGTAATGGAACGCGAAGTAAACC
Plate02,2,G4,nosZ.C019.02F.j ,AACAATGCACTGTCAGGCTGAG
Plate02,2,G5,nosZ.C019.03F.j ,CGTGATGGAAAGAGAAGTAAACC
Plate02,2,G6,nosZ.C019.04F.j ,GACAATGCACGGACAAGTCGAA
Plate02,2,G7,nosZ.C019.05F.j ,GGTGATGGAACGGGAAGTAAACC
Plate02,2,G8,nosZ.C019.06F.j ,AACGCTTCATGGACAAGTTGAGC
Plate02,2,G9,nosZ.C020.01F.j ,CAACCTGGAGACCGACAACAAG
Plate02,2,G10,nosZ.C020.02F.j ,CAACCTGGAAACCGACAACAAG
Plate02,2,G11,nosZ.C020.03F.j ,CGATCTGGAATATGCCGAAGAC
Plate02,2,G12,nosZ.C020.04F.j ,GACTCTGGAATCCGACAACAAGG
Plate02,2,H1,nosZ.C020.05F.j ,CAAGCTGGAGACCGACAACAAG
Plate02,2,H2,nosZ.C021.01F.j ,GGCGAACTGGACGAATATTACAC
Plate02,2,H3,nosZ.C021.02F.j ,GGTGAGCACGATGACTACTATATG
Plate02,2,H4,nosZ.C021.03F.j ,GGCGAACACGACGAGTATTACG
Plate02,2,H5,nosZ.C021.04F.j ,GGCGAACACGACGAATACTACG
Plate02,2,H6,nosZ.C021.05F.j ,GGTGACCTCGACGAATATTACG
Plate02,2,H7,nosZ.C022.01F.j ,CAAGTACGGGTTCCAGGAGATGA
Plate02,2,H8,nosZ.C022.02F.j ,GAACTATGCGATGGAAAGCTTC
Plate02,2,H9,nosZ.C022.03F.j ,CCACTACGGGTTCCAGGAGATG
Plate02,2,H10,nosZ.C022.04F.j ,GCAGTTCGGGCTTGAGGAATTC
Plate02,2,H11,nosZ.C023.01F.j ,TAATGTTCAAGCGATTCATGGC
Plate02,2,H12,nosZ.C023.02F.j ,CAATATTTATGGACCTCACAGTGC
Plate03,3,A1,nosZ.C023.03F.j ,GGTGTTCAACAATAACCATGGC
Plate03,3,A2,nosZ.C023.04F.j ,GAACATTCAAGGCTTCCACGGTATC
Plate03,3,A3,nosZ.C023.05F.j ,AATCTTCAAATCAAGCCACGGA
Plate03,3,A4,nosZ.C023.06F.j ,AAATCTCTCCGGAAATCATGGCTCA
Plate03,3,A5,nosZ.C025.01F.j ,CAAGTACGCATTCTCGACCTGC
Plate03,3,A6,nosZ.C025.02F.j ,CAAATACACCTTCTCCACCTGC
Plate03,3,A7,nosZ.C025.03F.j ,CAAGTATGCGTTCTCCACCAGC
Plate03,3,A8,nosZ.C025.04F.j ,CAAATACGCCTTCTCCACCTGC
Plate03,3,A9,nosZ.C025.05F.j ,TGGATGGTTCTTCTTCAGCACC
Plate03,3,A10,nosZ.C025.06F.j ,TGGTTGGTTCTTCTTTACTACCTATAATA
Plate03,3,A11,nosZ.C026.01F.j ,CTATGGATTCGTTTCTGGAGGATTC
Plate03,3,A12,nosZ.C026.02F.j ,TTATGCCTTTATGTCTGGTGGATA
Plate03,3,B1,nosZ.C026.03F.j ,TTACGTCTTCTTCTCCTCCGGC
Plate03,3,B2,nosZ.C026.04F.j ,TATCGTATTTAGTTCTGGTGGTCAA
Plate03,3,B3,nosZ.C026.05F.j ,CTATGCCTTTCTCTCTGGTGGTCA
Plate03,3,B4,nosZ.C026.06F.j ,CTACGTGTTCTTCTCCTCCGGA
Plate03,3,B5,nosZ.C027.01F.j ,GCTCTTCATCGACAGCCAGATC
Plate03,3,B6,nosZ.C027.02F.j ,TCTTTACGTCGATAGCCAGATC
Plate03,3,B7,nosZ.C027.03F.j ,GCTTTATGTCGACTCTCAGATCATA
Plate03,3,B8,nosZ.C027.04F.j ,AATGTTTGTAAGCAGTGAAGTTGTTA
Plate03,3,B9,nosZ.C027.05F.j ,ATTCTTTATTTCTTCGGAGGTGGTAAA
Plate03,3,B10,nosZ.C028.01F.j ,TGGAGAGAAAGTAAACTATATCCGTCA
Plate03,3,B11,nosZ.C028.02F.j ,AGTACTTGACCGTGTTCCTGTCC
Plate03,3,B12,nosZ.C028.03F.j ,CGTCAAGTGGGATTATAAGAATCTTAAA
Plate03,3,C1,nosZ.C028.04F.j ,TGGTGAGAAAGTGAACTACATACG
Plate03,3,C2,nosZ.C028.05F.j ,AACCCTTGACCGTGTTCCTGTA
Plate03,3,C3,nosZ.C028.06F.j ,CGGTGACAAGAACGCGAAGTAC
Plate03,3,C4,nosZ.C029.01F.j ,TTAAGGGAACAGTATCATTCATCAGCA
Plate03,3,C5,nosZ.C029.02F.j ,GCTTCACCATGTTCAATGCCATC
Plate03,3,C6,nosZ.C029.03F.j ,GCTACACCATGTACAACGCCATC
Plate03,3,C7,nosZ.C029.04F.j ,ATAGAGGTGTAATGTCTGCAGTTAC
Plate03,3,C8,nosZ.C029.05F.j ,ATAACGGCGCTCACACCATCATA
Plate03,3,C9,nosZ.C030.01F.j ,TTTCATCAACGATAAAGCCAACTCTC
Plate03,3,C10,nosZ.C030.02F.j ,GTTCATCAACGACAAGGCCAAC
Plate03,3,C11,nosZ.C030.03F.j ,CTTCATCAACGACAAGGCCAATC
Plate03,3,C12,nosZ.C030.04F.j ,GTTCATCAACGACAAGGCTAACC
Plate03,3,D1,napA.C001.01F.j ,GTCAAGCCCTATACCCTGGAGC
Plate03,3,D2,napA.C001.02F.j ,GTCTCGGAATACACCCTTGATAA
Plate03,3,D3,napA.C001.03F.j ,GTCTCCAAGTACGACCTGGACTAC
Plate03,3,D4,napA.C001.04F.j ,GTTTCCGAATATACGCTGAAGAAGACC
Plate03,3,D5,napA.C001.05F.j ,GTATCCACCTATACGCTCGAGTAC
Plate03,3,D6,napA.C002.01F.j ,AACAACATGGCCTACAACATCCAC
Plate03,3,D7,napA.C002.02F.j ,AACAACCTGGTCTACAACATCC
Plate03,3,D8,napA.C002.03F.j ,AACAACCTCGTCTACAACATCCA
Plate03,3,D9,napA.C002.04F.j ,AACAACATGGTCTACAACATCCA
Plate03,3,D10,napA.C003.01F.j ,AACTGCATCAAGGGCTATTTCC
Plate03,3,D11,napA.C003.02F.j ,AACTGCGTCAAGGGCTATTTCC
Plate03,3,D12,napA.C004.01F.j ,CAACCCGGAAACCTTCATCATC
Plate03,3,E1,napA.C004.02F.j ,CAACCCGGACAACTTCGTGATC
Plate03,3,E2,napA.C004.03F.j ,CAATCCGGCGAATTTCATTGTTG
Plate03,3,E3,napA.C005.01F.j ,TTCTCCAAGCGCTTCAAGATCG
Plate03,3,E4,napA.C005.02F.j ,TTCTCCAAACGCTTCAAGGTGG
Plate03,3,E5,napA.C005.03F.j ,TTCTCCAAGCGTTTCAAGGTGG
Plate03,3,E6,napA.C006.01F.j ,CGCCAACTACATCATCCGCAATA
Plate03,3,E7,napA.C006.02F.j ,CGCCAACCACATCATCAAGACC
Plate03,3,E8,napA.C006.03F.j ,CGCCCACTACATCATCAAGAACAAC
Plate03,3,E9,napA.C006.04F.j ,CGCCAACTACATCATCAAGAAC
Plate03,3,E10,napA.C006.05F.j ,CGCGAACTACCTCATCCAGAAC
Plate03,3,E11,napA.C006.06F.j ,CGCGAACTACATCATCAAGAACGG
Plate03,3,E12,napA.C007.01F.j ,CATTTGCTACGAGATTGTACGC
Plate03,3,F1,napA.C007.02F.j ,CATTGCCAACCACATCATCCAGA
Plate03,3,F2,napA.C007.03F.j ,CATCGCCAACCACATCATTACG
Plate03,3,F3,napA.C007.04F.j ,TATCGCCAACCACATCATCGAGA
Plate03,3,F4,napA.C007.05F.j ,CATCGCCAACTACATCATCCAG
Plate03,3,F5,napA.C008.01F.j ,GTGGCGAGCTACATCATCCAAA
Plate03,3,F6,napA.C008.02F.j ,ATCGCCAACCACATCATCAAGAC
Plate03,3,F7,napA.C008.03F.j ,ATCGCCAACCACATCATCTCGA
Plate03,3,F8,napA.C009.01F.j ,GTTCGAGGAATATGCCACTTTCGG
Plate03,3,F9,napA.C009.02F.j ,GTTCGAGGAATATGCAGAGTTTGGA
Plate03,3,F10,napA.C009.03F.j ,GTTCGAGGAATACGCCCAGTTC
Plate03,3,F11,napA.C010.01F.j ,ATATCGCCAATCACATTATCCAGAC
Plate03,3,F12,napA.C010.02F.j ,ACATCGCCAACCACATCATCTC
Plate03,3,G1,napA.C010.03F.j ,ACATCGCCAACCACATCATCAC
Plate03,3,G2,napA.C010.04F.j ,CCATCGCCAACCACATCATCAG
Plate03,3,G3,napA.C011.01F.j ,AGATCTCTCGTCGTGATTTCATC
Plate03,3,G4,napA.C011.02F.j ,AACTCTCTCGTCGTGACTTCATC
Plate03,3,G5,napA.C011.03F.j ,AACTCTCTCGTCGTGATTTCATC
Plate03,3,G6,napA.C011.04F.j ,ATATGTCTCGTCGAACTCTGCTCAA
Plate03,3,G7,napA.C012.01F.j ,TGACGGCAAACTGAATTTCTACTG
Plate03,3,G8,napA.C012.02F.j ,GGACGGCAAGCTCAATTTCTACTG
Plate03,3,G9,napA.C012.03F.j ,CGACGGTAAGCTCAATTTCTACTGG
Plate03,3,G10,napA.C013.01F.j ,GCAGCTGATGGAGTTCTCGAAG
Plate03,3,G11,napA.C013.02F.j ,GCAGTTGATGGAGTTCTCGAAG
Plate03,3,G12,napA.C013.03F.j ,GCAGATTGTCGAATTCTCCAAGC
Plate03,3,H1,napA.C014.01F.j ,GCCAATAACCTTGCCTACAACCTG
Plate03,3,H2,napA.C014.02F.j ,GCCAACAACCTCGTCTACAACATC
Plate03,3,H3,napA.C014.03F.j ,TGCAACAATCTCGTCTACAACATCC
Plate03,3,H4,napA.C015.01F.j ,ATGTCGGCAAGTTCCCTCTGAG
Plate03,3,H5,napA.C015.02F.j ,AGGTCGACAAGTTCCCGCTATC
Plate03,3,H6,napA.C016.01F.j ,GATTTCAAGGCAGAGGTCAATCG
Plate03,3,H7,napA.C016.02F.j ,GATTTCAACGCCGAGGTCAACA
Plate03,3,H8,napA.C017.01F.j ,GACCTCTACGTCGAGTTCAAAC
Plate03,3,H9,napA.C017.02F.j ,GACATTCCCGTGGTGTTCAAGC
Plate03,3,H10,napA.C018.01F.j ,ATCGCCAACTACATCATCCAGC
Plate03,3,H11,napA.C018.02F.j ,ATCGCCAATTACATCATCCGCAA
Plate03,3,H12,napA.C019.01F.j ,AGGTCAACAACAATATGCAGGCC
Plate04,4,A1,napA.C019.02F.j ,TGGTCAACAACAACATGCAGGC
Plate04,4,A2,napA.C020.01F.j ,GCTGGAGAAGAAGGCGAAGAAC
Plate04,4,A3,napA.C021.01F.j ,CGTCGGTTACACGCAGAACATC
Plate04,4,A4,napA.C022.01F.j ,CCAACTACATCATTCAGCGCGG
Plate04,4,A5,narG.C001.01F.j ,CGACTGGGAGATCTACAAAGGCA
Plate04,4,A6,narG.C001.02F.j ,CGACTGGGAAATCTACAAAGGTA
Plate04,4,A7,narG.C001.03F.j ,CGACTGGGAGATCTACAAGCTG
Plate04,4,A8,narG.C001.04F.j ,CGACTGGGAAATCTACAAAGGTATCG
Plate04,4,A9,narG.C001.05F.j ,CGACTGGGAGATCTACAAAGGTA
Plate04,4,A10,narG.C002.01F.j ,CGTAAGCTCAACTACACCAAGG
Plate04,4,A11,narG.C002.02F.j ,AAGCAGCTTAACTACGTCAAGGC
Plate04,4,A12,narG.C002.03F.j ,GGCAAACTCAATTACACCAAGCG
Plate04,4,B1,narG.C002.04F.j ,AAGCAGCTTAACTACATCAAGGCC
Plate04,4,B2,narG.C003.01F.j ,ATATGAATTACCGTGGGATGATTAACA
Plate04,4,B3,narG.C003.02F.j ,ATATGAACTATCGCGGTCTTATCAATATG
Plate04,4,B4,narG.C003.03F.j ,ATATGAACTACCGTGGGATGATCAATATG
Plate04,4,B5,narG.C003.04F.j ,ATATGAACTACCGCGGGATGATCAA
Plate04,4,B6,narG.C004.01F.j ,GGTTCCACTCCGACACGATCTA
Plate04,4,B7,narG.C004.02F.j ,GGTTCCACTCCGACACCATCTA
Plate04,4,B8,narG.C004.03F.j ,GGTATCACTCCGACATGAACTATC
Plate04,4,B9,narG.C004.04F.j ,GGTACCACTGCGACATGAACTA
Plate04,4,B10,narG.C004.05F.j ,GGTACCACAGTGACATGAACTACC
Plate04,4,B11,narG.C005.01F.j ,CTGGGTGGAAGTGTTTAACGCC
Plate04,4,B12,narG.C005.02F.j ,CTGGATCGAAGTGTTCAACGCC
Plate04,4,C1,narG.C005.03F.j ,CTGGGTGGAAGTATTTAACGCC
Plate04,4,C2,narG.C005.04F.j ,CTGGATCGAAGTGTTTAACGCCA
Plate04,4,C3,narG.C006.02F.j ,CTATAACGCCTGCTACACCAACG
Plate04,4,C4,narG.C006.03F.j ,CTACTCGCCGTTCACCATCAAC
Plate04,4,C5,narG.C006.04F.j ,GTACTCGCCGTTCACCATCAAC
Plate04,4,C6,narG.C007.01F.j ,CGTAGCGACTGGGAGATTTACAA
Plate04,4,C7,narG.C007.02F.j ,AAGACGGACTGGGAAATCTACA
Plate04,4,C8,narG.C007.03F.j ,AAGAGCGACTGGGAGATTTACAA
Plate04,4,C9,narG.C007.04F.j ,AAGAGCGACTGGGAGATCTACAA
Plate04,4,C10,narG.C007.05F.j ,CGTAGCGACTGGGAGATCTACAAG
Plate04,4,C11,narG.C008.01F.j ,TCTACACGATCAAGAAGCACGG
Plate04,4,C12,narG.C008.02F.j ,TGCACACGATTAAGGAGTACGG
Plate04,4,D1,narG.C008.03F.j ,TCCACACGATCAAGGAGTACGG
Plate04,4,D2,narG.C008.04F.j ,TGTACACCATCAAGAAGCACGG
Plate04,4,D3,narG.C009.01F.j ,GGAAACCCAGCAAACCGACTATC
Plate04,4,D4,narG.C009.02F.j ,GGAAACCCAGCAGACCGATTAC
Plate04,4,D5,narG.C009.03F.j ,GGAAACCCAGCAAACCGACTAC
Plate04,4,D6,narG.C010.01F.j ,TGGATCGAACTGTACAACGTCA
Plate04,4,D7,narG.C010.02F.j ,TGGATCGAGCTCTTCAATCTGA
Plate04,4,D8,narG.C010.03F.j ,TGGATCGAACTCTTCAACCTGA
Plate04,4,D9,narG.C010.04F.j ,TGGCTAGAAGTGTATAACCGTAATG
Plate04,4,D10,narG.C010.05F.j ,TGGGTCGAACTCTTCAACTCCAA
Plate04,4,D11,narG.C011.01F.j ,ACCTATACCGACAACCTGCTGA
Plate04,4,D12,narG.C011.02F.j ,ACTTACACCGATAATTTGTTGATGCTG
Plate04,4,E1,narG.C011.03F.j ,ACTTACACCGACAACCTGCTGA
Plate04,4,E2,narG.C011.04F.j ,ACCTACAAAGATAACCACCGCATG
Plate04,4,E3,narG.C011.05F.j ,ACCTACACCGACAATCTTCTGA
Plate04,4,E4,narG.C011.06F.j ,ACCTATACCGACAATTTGATGATGCTG
Plate04,4,E5,narG.C012.01F.j ,GGACAACCTGTTCATGCTCTCG
Plate04,4,E6,narG.C012.02F.j ,AGACAATTTACACATGCTGCGG
Plate04,4,E7,narG.C012.03F.j ,GGACAACCTGTTCATGCTCAGC
Plate04,4,E8,narG.C013.01F.j ,GATATGCATCCGTTTATTCATCCGC
Plate04,4,E9,narG.C013.02F.j ,GACATGCATCCCTTTATCCATCC
Plate04,4,E10,narG.C013.03F.j ,GACATGCACCCGTTCATCCATC
Plate04,4,E11,narG.C014.01F.j ,CCTGAGCTTCTACGACTGGTACTG
Plate04,4,E12,narG.C014.02F.j ,CCCGAGCTTCTACGACTGGTAC
Plate04,4,F1,narG.C014.03F.j ,CCTGAGCTTCTACGACTGGTATTG
Plate04,4,F2,narG.C015.01F.j ,GGACATCTACAAGGGTTTCGCC
Plate04,4,F3,narG.C015.02F.j ,GGACATCTACAAGGGCATAGCG
Plate04,4,F4,narG.C015.03F.j ,GGACATCTACAAGGGTATCGCG
Plate04,4,F5,narG.C016.01F.j ,GATGCATTTCTTCCTCGACCAC
Plate04,4,F6,narG.C016.02F.j ,CCAGCATTATTACCTCGATCATCCG
Plate04,4,F7,narG.C016.03F.j ,CATGCACTTCTTCCTCGACCAC
Plate04,4,F8,narG.C017.01F.j ,GATGATCGACTACAACGTGCGG
Plate04,4,F9,narG.C017.02F.j ,GTTAATCGACTATAACGTGCGC
Plate04,4,F10,narG.C017.03F.j ,TTTCATCGACTACAACGTTCGC
Plate04,4,F11,narG.C018.01F.j ,CATGCACTTCTACCTCGACCAC
Plate04,4,F12,narG.C018.02F.j ,GATGCACTTCTTCTTGGACCAC
Plate04,4,G1,narG.C019.01F.j ,GCAACAACTCTATCAGGATCATGC
Plate04,4,G2,narG.C019.02F.j ,GATGCACTTCTACCTCGACCAC
Plate04,4,G3,narG.C020.01F.j ,GTGGAAGGTCTACGTCAAGGAC
Plate04,4,G4,narG.C022.01F.j ,AACGAGTACTTTCTCCGCAACC
Plate04,4,G5,narG.C023.01F.j ,GTACTCGCCGTTCACCATCAAC
Plate04,4,G6,narG.C024.01F.j ,GTACTCGCCGTTCACCATCAAC
Plate04,4,G7,narG.C025.01F.j ,ACATGATCCAGACGGCGTACTG
Plate04,4,G8,narG.C026.01F.j ,TGGTTTCACTCCGATCAGACCTA
Plate04,4,G9,16S.f,
Plate04,4,G10,,
Plate04,4,G11,,
Plate04,4,G12,,
Plate04,4,H1,,
Plate04,4,H2,,
Plate04,4,H3,,
Plate04,4,H4,,
Plate04,4,H5,,
Plate04,4,H6,,
Plate04,4,H7,,
Plate04,4,H8,,
Plate04,4,H9,,
Plate04,4,H10,,
Plate04,4,H11,,
Plate04,4,H12,,
Plate05,1,A1,nirK.C001.03R.j ,AAATCAGACCGTACATACCGTTG
Plate05,1,A2,nirK.C001.02R.j ,AAATCAAGCCATACATGCCATTAG
Plate05,1,A3,nirK.C001.01R.j ,AAATCAGGCCGTACATACCGTTG
Plate05,1,A4,nirK.C002.03R.j ,CTCGATTGTCATGGTGAACTCG
Plate05,1,A5,nirK.C002.05R.j ,CTCGATCGTCATGGTGAACTCG
Plate05,1,A6,nirK.C002.01R.j ,GACCACTTCCAGATCGACGATGA
Plate05,1,A7,nirK.C002.02R.j ,CTCGATCGTCAAGGTGAACTCG
Plate05,1,A8,nirK.C002.04R.j ,TACCACTTCCATCTTCACAACTAC
Plate05,1,A9,nirK.C003.03R.j ,GGACTTGAACTTGCCCTTCTCG
Plate05,1,A10,nirK.C003.06R.j ,TTTCTTGTAATTTCCCTGCGCGTC
Plate05,1,A11,nirK.C003.01R.j ,AGCTTCACCGTATTTACCTTTGG
Plate05,1,A12,nirK.C003.05R.j ,TTGTTCGCCATATTTGCCTTTG
Plate05,1,B1,nirK.C003.04R.j ,GGACTTGAAATTGCCCTTCTCGTC
Plate05,1,B2,nirK.C003.02R.j ,TTTCTTGAAATTGCCGTTCTCG
Plate05,1,B3,nirK.C004.02R.j ,AGTGATAGATGTACAGGCCAGC
Plate05,1,B4,nirK.C004.03R.j ,AGTGGTAGACGTAGATGCCCTG
Plate05,1,B5,nirK.C004.01R.j ,AGTGGTAGATGTACAGACCCGG
Plate05,1,B6,nirK.C004.04R.j ,AATGATAGACGAACGTGCCGGA
Plate05,1,B7,nirK.C005.03R.j ,TGGTTCACATAGGCGTACACAC
Plate05,1,B8,nirK.C005.01R.j ,TGGTTTACATACGCATAGATACCGG
Plate05,1,B9,nirK.C005.02R.j ,TGATCCATAAAGACATAAGTGCCAGG
Plate05,1,B10,nirK.C006.03R.j ,AATCGCCTTGCATCACATAGAAC
Plate05,1,B11,nirK.C006.02R.j ,AGTCGCCTTGCATTACATAGAATTC
Plate05,1,B12,nirK.C006.06R.j ,ATTCGCCCTGCATGACGTAATA
Plate05,1,C1,nirK.C006.04R.j ,AGTCGCCTTGTACCACATAGAAC
Plate05,1,C2,nirK.C006.01R.j ,AGTCGCCTTGAACCACATAGAATTC
Plate05,1,C3,nirK.C006.05R.j ,AAACTTTGTCGTAGGTGATCGGC
Plate05,1,C4,nirK.C007.03R.j ,CCTTTGGTATAGAATTCACTTTGCA
Plate05,1,C5,nirK.C007.01R.j ,TCGCCGATGTAGAAGATCTTGTC
Plate05,1,C6,nirK.C007.02R.j ,TCGCCCACATAGTAGACATAGTC
Plate05,1,C7,nirK.C008.03R.j ,TTCTCGCCGACATAGTAGATGC
Plate05,1,C8,nirK.C008.02R.j ,TGTTCGCCGACATAATAGACCTTG
Plate05,1,C9,nirK.C008.04R.j ,TTCTCGCCGATGTAGTAGATGC
Plate05,1,C10,nirK.C008.01R.j ,TTCTCGCCGACATAATAGATCCTG
Plate05,1,C11,nirK.C009.01R.j ,TATAGAACTCCTTGTCGACGGGC
Plate05,1,C12,nirK.C009.02R.j ,TGTAGAACTCCTTGTCCACCGG
Plate05,1,D1,nirK.C010.01R.j ,TTTGCGCTGTCATTTCGATGTG
Plate05,1,D2,nirK.C011.01R.j ,GCCGTTGAACAGCACATAGGTC
Plate05,1,D3,nirK.C012.01R.j ,TCTCGCCGATGTAATAGAGCCG
Plate05,1,D4,nirK.C013.01R.j ,TGATAGACGAACACACCGGTCC
Plate05,1,D5,nirK.C014.01R.j ,ATCACGTAGAACTCGCGATCCA
Plate05,1,D6,nirK.C015.01R.j ,GCGATTCGTAGCTCTTGTAGGC
Plate05,1,D7,nirS.C012.01F.j ,GTGTTCATCAAGTACGGCTCGC
Plate05,1,D8,nirS.C001.05R.j ,TGTCCTCATAGCCCTTGAACTTG
Plate05,1,D9,nirS.C001.06R.j ,TGTCCTCGTAGCCCTTGTACTTG
Plate05,1,D10,nirS.C001.03R.j ,TGTCTTCATAGCCCTTGTACTTG
Plate05,1,D11,nirS.C001.04R.j ,TGTCTTCGTAGCCCTTGTACTTC
Plate05,1,D12,nirS.C001.01R.j ,TGTCCTCGTAGCCCTTGAATTTG
Plate05,1,E1,nirS.C001.02R.j ,TGTCCTCGAAGCCCTTGAATTTG
Plate05,1,E2,nirS.C002.01R.j ,TTCTTGATGTCCTTGTAGTTGACCA
Plate05,1,E3,nirS.C002.05R.j ,TTGTTGAGGTCGGAGTAGTTGA
Plate05,1,E4,nirS.C002.04R.j ,TTCTTCAGGTCCGAATAGTCCAC
Plate05,1,E5,nirS.C002.03R.j ,GCATTCAGGTTGGAGTAGTCAA
Plate05,1,E6,nirS.C002.02R.j ,TTGTTCAGATCCTTGTAATTGACCAC
Plate05,1,E7,nirS.C002.06R.j ,TTATCGAGATCCTTGTAGTTCACCATCAG
Plate05,1,E8,nirS.C003.03R.j ,GCGTATTTGTCCTCATAGCCCTTG
Plate05,1,E9,nirS.C003.06R.j ,GCATACTTGTCTTCGTAGCCCTTG
Plate05,1,E10,nirS.C003.02R.j ,GCGTATTTATCCTCGTAGCCCTTG
Plate05,1,E11,nirS.C003.05R.j ,GCGTATTTATCCTCGTAACCCTTG
Plate05,1,E12,nirS.C003.01R.j ,GCGTACTTGTCTTCGTAGCCTTTG
Plate05,1,F1,nirS.C003.04R.j ,ACGTACTTGTCTTCATAGCCTTTGA
Plate05,1,F2,nirS.C004.03R.j ,GTCTTGATGATGTTGATGATCTTCTTGG
Plate05,1,F3,nirS.C004.01R.j ,GTCTTGACGATGTTGATGATCTTC
Plate05,1,F4,nirS.C004.02R.j ,GTCTTGACGATATTGATGAGCTG
Plate05,1,F5,nirS.C005.01R.j ,CTTGTCCTCGAAGCCCTTGTAC
Plate05,1,F6,nirS.C005.04R.j ,CTTGTCCTCGAAGCCCTTGAAC
Plate05,1,F7,nirS.C005.02R.j ,CTTGTCCTCGTAGCCCTTGAAC
Plate05,1,F8,nirS.C005.03R.j ,CTTGTCTTCGAAACCCTTGTATTTC
Plate05,1,F9,nirS.C006.03R.j ,CATGATCTTGCCGGTTTCCTTCG
Plate05,1,F10,nirS.C006.02R.j ,CATGATCTTGCCGGTTTCCTTG
Plate05,1,F11,nirS.C006.01R.j ,GTAGATCTTGCCGGTCTCCTTG
Plate05,1,F12,nirS.C007.03R.j ,ATATTCTTGCGTATCCACCGTCA
Plate05,1,G1,nirS.C007.01R.j ,GTACTCTTGCGTATCCACCGTCA
Plate05,1,G2,nirS.C007.04R.j ,GTACTCATTATCAACGGTGGTGC
Plate05,1,G3,nirS.C007.02R.j ,GTATTCCTGAGTATCCACGGTCATG
Plate05,1,G4,nirS.C008.02R.j ,ATTCTTCATCCACAGGTCGATCAG
Plate05,1,G5,nirS.C008.03R.j ,CTCCTTCATGTACAGATCGATCAG
Plate05,1,G6,nirS.C008.01R.j ,CTTCTCCATCCACAGGTCGATC
Plate05,1,G7,nirS.C009.02R.j ,TGTTCGAGTAGTCCACCAGCAG
Plate05,1,G8,nirS.C009.01R.j ,GGTCCGAATAGTCCACCATCAA
Plate05,1,G9,nirS.C010.01R.j ,GCCCTTGTACTTGGAGGTTTCG
Plate05,1,G10,nirS.C011.01R.j ,TGCCAGTTTCCTTGACGTTGAC
Plate05,1,G11,nirS.C012.01R.j ,GGTTGTACGCGTTCATCTTCCG
Plate05,1,G12,nosZ.C001.03R.j ,GTCCTTGGAGAACTTGCTGAGC
Plate05,1,H1,nosZ.C001.01R.j ,GTCCTTCGAGAATTTGTTGTCCGAG
Plate05,1,H2,nosZ.C001.05R.j ,GTCCTTCGAGAACTTGTTGTCC
Plate05,1,H3,nosZ.C001.02R.j ,GTCCTTCGAGAACTTGTTCAGCG
Plate05,1,H4,nosZ.C001.04R.j ,GTCCTTGGAGAACTTGTTCAGC
Plate05,1,H5,nosZ.C002.03R.j ,TTGACCTGACAGCAATCATCCAA
Plate05,1,H6,nosZ.C002.05R.j ,CATATAGACACGCACCTTGTTG
Plate05,1,H7,nosZ.C002.01R.j ,CATGTACACCCGCACCTTGTTG
Plate05,1,H8,nosZ.C002.02R.j ,CATGTAGACGCGAACCTTGTTG
Plate05,1,H9,nosZ.C002.04R.j ,CATGTAGACGCGGACCTTGTTG
Plate05,1,H10,nosZ.C003.03R.j ,CCCGAACCTACAATATACTCACC
Plate05,1,H11,nosZ.C003.05R.j ,CCGTTAGCCACAAAGTATTCAC
Plate05,1,H12,nosZ.C003.01R.j ,CCAGAGCAGACGTAATACTTCCCA
Plate06,2,A1,nosZ.C003.02R.j ,CCGCCGACTATGATGTATCTACCA
Plate06,2,A2,nosZ.C003.04R.j ,CCGCCAACTACGATATATCTACCATC
Plate06,2,A3,nosZ.C003.06R.j ,CCGCCGACTACTATATATCTACCATCA
Plate06,2,A4,nosZ.C004.04R.j ,TTCTGGGTCTTGATCTGGTCGC
Plate06,2,A5,nosZ.C004.01R.j ,GAAGCTGGATTCACGAGAGAAC
Plate06,2,A6,nosZ.C004.02R.j ,TTCTTGGTCTTGATCTGGTCGC
Plate06,2,A7,nosZ.C004.03R.j ,TTCTTGGTCTTGATCTGATCGCG
Plate06,2,A8,nosZ.C005.05R.j ,ATCGCCTTTATTTACTTCTATATGCTC
Plate06,2,A9,nosZ.C005.02R.j ,GTCGCCCTTCTTGAGCTTGAAC
Plate06,2,A10,nosZ.C005.03R.j ,GTCACCCTTCTTGAGCTTGAAC
Plate06,2,A11,nosZ.C005.01R.j ,ATTACCCACTTTGACTTTAAACTCGTTC
Plate06,2,A12,nosZ.C005.04R.j ,ATCTCCGCTTCTTACTTCGATGG
Plate06,2,B1,nosZ.C006.04R.j ,AGAACCAGTTGCAGTAGTACCA
Plate06,2,B2,nosZ.C006.02R.j ,AGAAGTTCGTGCAATACAACGG
Plate06,2,B3,nosZ.C006.06R.j ,AGAACCAGGAGCAGTAGTACCA
Plate06,2,B4,nosZ.C006.01R.j ,AGAACCATTGGCAATAGAACCA
Plate06,2,B5,nosZ.C007.06R.j ,TCTTTCGAGAACTTGTTAAGGGAAATA
Plate06,2,B6,nosZ.C007.04R.j ,TCTTTGGAGAACTTGTTCAGCG
Plate06,2,B7,nosZ.C007.05R.j ,TCTTTCGAGAACTTGGACAGAACA
Plate06,2,B8,nosZ.C007.03R.j ,TCTTTGGAGAACTTGTTCAGGGA
Plate06,2,B9,nosZ.C007.02R.j ,TCCTTGGAGAACTTGTTCAGCG
Plate06,2,B10,nosZ.C007.01R.j ,TCCTTGGAGAATTTGCACAACACC
Plate06,2,B11,nosZ.C008.02R.j ,TGTTGGCCTTGTCGTTGATGAAG
Plate06,2,B12,nosZ.C008.01R.j ,TATTGGCCTTGTCGTTCATGAA
Plate06,2,C1,nosZ.C008.03R.j ,TGTTGGCCTTGTCGTTCATGAA
Plate06,2,C2,nosZ.C009.01R.j ,TCTTGTCGCACTTCATGATGTCC
Plate06,2,C3,nosZ.C009.04R.j ,TCTTGTCGCACTTCATGATATCCAG
Plate06,2,C4,nosZ.C009.03R.j ,TCTTGTCGCACTTCATGATGTCG
Plate06,2,C5,nosZ.C009.06R.j ,TCTTGTCGCACTCCATCGTATCC
Plate06,2,C6,nosZ.C009.05R.j ,TCTTGTCACATTTCATCACGTCAA
Plate06,2,C7,nosZ.C009.02R.j ,TCTTGTCGCACTTCATAATGTCTAGG
Plate06,2,C8,nosZ.C010.02R.j ,CGGAGATGTCGATCAATTGGTC
Plate06,2,C9,nosZ.C010.03R.j ,TGATATCAAACAACTGTGCACTTTG
Plate06,2,C10,nosZ.C010.05R.j ,TTATATCAATTAACTGCGATGCTTCA
Plate06,2,C11,nosZ.C010.06R.j ,TAAGGTCAATTAACTGCATACTTTCTGG
Plate06,2,C12,nosZ.C010.01R.j ,TAATATCAATTAACTGCATCGACTCTGG
Plate06,2,D1,nosZ.C010.04R.j ,TAATATCGATCAACTGAGCTGACTG
Plate06,2,D2,nosZ.C011.04R.j ,GTTGTACATGGTGAAGCTGTTC
Plate06,2,D3,nosZ.C011.02R.j ,GGTGAACATCGAGCGGTACTTC
Plate06,2,D4,nosZ.C011.03R.j ,CATGAACAGCGAACGGTACTTGG
Plate06,2,D5,nosZ.C011.01R.j ,GTTGTACATGGTGAAGGCGTTG
Plate06,2,D6,nosZ.C012.02R.j ,GAAGTTGGTGCAATAGAAAGGATAG
Plate06,2,D7,nosZ.C012.04R.j ,GAAGTTCGTGCAATACAACGGATATG
Plate06,2,D8,nosZ.C012.03R.j ,GAAGTTTGTACAGTAGAATGGGAATAC
Plate06,2,D9,nosZ.C012.01R.j ,GAACTCGGTGCAGTAGTAAGGA
Plate06,2,D10,nosZ.C012.05R.j ,AAACTCGGTGCAGTAGTATGGGAA
Plate06,2,D11,nosZ.C013.05R.j ,AGAACCACTGACAGTAATACCAG
Plate06,2,D12,nosZ.C013.03R.j ,AGAAATCTGTACAGTAGAACGGCC
Plate06,2,E1,nosZ.C013.01R.j ,AGAACCACTGGCAGTAGTACCA
Plate06,2,E2,nosZ.C013.02R.j ,AGAAGAACGTGCAGTAGTACCAGA
Plate06,2,E3,nosZ.C013.04R.j ,AGAACCACTGGCAATAGTACCA
Plate06,2,E4,nosZ.C014.02R.j ,GTTCCATTTCACGATCTGGCTGTC
Plate06,2,E5,nosZ.C014.01R.j ,GTTCCACTTGACGATCTGGCTG
Plate06,2,E6,nosZ.C014.03R.j ,GTTCCACTTCACGATCTGGCTG
Plate06,2,E7,nosZ.C015.06R.j ,GATCTGTAACGAATCTCCGGCTTC
Plate06,2,E8,nosZ.C015.01R.j ,TAAATCGTGATTGTCTTGATCTTGTC
Plate06,2,E9,nosZ.C015.03R.j ,CAGAAGTTGACGGGATTGATCTTGG
Plate06,2,E10,nosZ.C015.05R.j ,AAGTACATCATGTTCGGTTTCAGCATATC
Plate06,2,E11,nosZ.C015.02R.j ,TACTTCAATTGTCCGTTATTTCTGATTAG
Plate06,2,E12,nosZ.C015.04R.j ,AATACTTCCCAGGTCTTGATCTTATCTG
Plate06,2,F1,nosZ.C016.02R.j ,CATGTAGACCCGCACCTTGTTG
Plate06,2,F2,nosZ.C016.06R.j ,CATGTATACGCGGACTTTGTTGC
Plate06,2,F3,nosZ.C016.03R.j ,GACCATCTTCACTTCAACGGTA
Plate06,2,F4,nosZ.C016.05R.j ,TGCATAAACAGTTACGTCTTTGC
Plate06,2,F5,nosZ.C016.01R.j ,GAAGTGGCTACGGATACAAGTC
Plate06,2,F6,nosZ.C016.04R.j ,CAGATACACCGTGACCTTCTTGC
Plate06,2,F7,nosZ.C017.06R.j ,CCAGCAGAGTTAGGAATTTCGATAATC
Plate06,2,F8,nosZ.C017.04R.j ,CCAGCAGAGTTAGGTATTTCAATTATTTC
Plate06,2,F9,nosZ.C017.03R.j ,CCGGCACTGTTTGGTAATTCGA
Plate06,2,F10,nosZ.C017.01R.j ,CCGGCAGTGTTTGGGATTTCTAAA
Plate06,2,F11,nosZ.C017.05R.j ,GACTGCATGATCGGGTTCTTGAC
Plate06,2,F12,nosZ.C017.02R.j ,CCTGCCGAGTTTGGTAATTCTAA
Plate06,2,G1,nosZ.C018.02R.j ,ACCTCATCGATATTGGTGACGTAGAC
Plate06,2,G2,nosZ.C018.06R.j ,CTTCCTTCAATGTTCGTGGCGG
Plate06,2,G3,nosZ.C018.01R.j ,ACCATCTCACGATTGCTGACATAAA
Plate06,2,G4,nosZ.C018.04R.j ,ATGAGATCTAAGTTAGTCACGACAATGG
Plate06,2,G5,nosZ.C018.03R.j ,ATACGGTCGATGTTGGTGATGG
Plate06,2,G6,nosZ.C018.05R.j ,GCACGCTCTAAATTTGTCATATAGATC
Plate06,2,G7,nosZ.C019.04R.j ,GAGTGACCTGGTGAATATTGAACA
Plate06,2,G8,nosZ.C019.05R.j ,AGGTGACCGATGTTGTAGTTAAC
Plate06,2,G9,nosZ.C019.02R.j ,GAGTGGCCTGGTGAATATTGAACA
Plate06,2,G10,nosZ.C019.01R.j ,AGGTGACCGATGTTGTAATGAA
Plate06,2,G11,nosZ.C019.06R.j ,GCATGCCCTGGAGAGTATTGAAC
Plate06,2,G12,nosZ.C019.03R.j ,AGATGTCCGATGTTATAATGCACA
Plate06,2,H1,nosZ.C020.01R.j ,AGAACCAGCTGCAGTAGTACCA
Plate06,2,H2,nosZ.C020.02R.j ,AGAACCACTGGCAGTAGAACCA
Plate06,2,H3,nosZ.C020.04R.j ,AGAACCAGTTGCAGTAGTACCAGTAA
Plate06,2,H4,nosZ.C021.05R.j ,GTTGGCATAGAGATAGCGACCG
Plate06,2,H5,nosZ.C021.02R.j ,ATTGGCAAATACAAACTTTCCATCA
Plate06,2,H6,nosZ.C021.01R.j ,GTTGACGTACAGATACTCGCCA
Plate06,2,H7,nosZ.C021.04R.j ,GTTGACGTACAGGTATTCGCCG
Plate06,2,H8,nosZ.C021.03R.j ,ATTGATGAAGATGTAGCGGCCA
Plate06,2,H9,nosZ.C022.01R.j ,CAGTAGATCCAGTAGACGCCCG
Plate06,2,H10,nosZ.C022.02R.j ,CAGTAATACCAGTAGACGCCCG
Plate06,2,H11,nosZ.C022.03R.j ,CAATAGAACCAGTGAACGCCCG
Plate06,2,H12,nosZ.C023.06R.j ,CACATTGAACAGAGAACGGTAGGTG
Plate07,3,A1,nosZ.C023.03R.j ,GGCCGCCAGAACTCCCTTATAA
Plate07,3,A2,nosZ.C023.01R.j ,GAAGGTAATCAGCCCACGGTAC
Plate07,3,A3,nosZ.C023.02R.j ,GCAGGTGAACACGCAGGAATAG
Plate07,3,A4,nosZ.C023.05R.j ,AAACGTTACTCCACCTCGATAAACC
Plate07,3,A5,nosZ.C023.04R.j ,AAGCGCAACAATTCCGTGATATTTC
Plate07,3,A6,nosZ.C025.02R.j ,CATTGATCTCCTTGTAGTCGCCTTTC
Plate07,3,A7,nosZ.C025.05R.j ,CGTTCATCATCTTCGCATTGCC
Plate07,3,A8,nosZ.C025.04R.j ,CATTGAGTTCCTGATAGTTCCCTGC
Plate07,3,A9,nosZ.C025.03R.j ,CGTTGATTTCTTTGAAGTCGCC
Plate07,3,A10,nosZ.C025.06R.j ,TAATTACTGAAGTAGCTGAGTGAGTC
Plate07,3,A11,nosZ.C025.01R.j ,TCATGGTTGAAGTAGCGGTATG
Plate07,3,A12,nosZ.C026.02R.j ,TTTCCATTTACAAATACCCAGCG
Plate07,3,B1,nosZ.C026.05R.j ,TTTCCATTTATAAATAACCATCTGCCATC
Plate07,3,B2,nosZ.C026.04R.j ,TTGTCGTTGGCAAAGAGATAGCG
Plate07,3,B3,nosZ.C026.01R.j ,TTATCGTTGATAGCTAACCATCTACCG
Plate07,3,B4,nosZ.C026.06R.j ,GTATCATTGATAAATAACCACCTTCCA
Plate07,3,B5,nosZ.C026.03R.j ,TTGTCGTTCATGAAAGCGTAAC
Plate07,3,B6,nosZ.C027.06R.j ,CTGCGAAGGTTGGGTTGTCATG
Plate07,3,B7,nosZ.C027.03R.j ,CCAAGAGGTATCGGCATATCGTA
Plate07,3,B8,nosZ.C027.02R.j ,CCAAGAGGTATAGGCATATCGTAG
Plate07,3,B9,nosZ.C027.04R.j ,CGCCTATTGTCGGGAAATCAGA
Plate07,3,B10,nosZ.C027.01R.j ,CGCCAATAGTCGGGAAGTCAAG
Plate07,3,B11,nosZ.C028.03R.j ,ACGGTGAACAATTATACAGTCATGG
Plate07,3,B12,nosZ.C028.01R.j ,CGCCTTGATCATTTGTGCATAG
Plate07,3,C1,nosZ.C028.05R.j ,CGCTGCAATACTGATAACATCGTG
Plate07,3,C2,nosZ.C028.02R.j ,GCGGTGAACAATGATACAGTCG
Plate07,3,C3,nosZ.C028.04R.j ,AGCCTTGATCATTTGCGCGTAA
Plate07,3,C4,nosZ.C028.06R.j ,GCGCTTGAAGATGATGAAGTCG
Plate07,3,C5,nosZ.C029.03R.j ,TTGAACTTACCATCTCTGATTAACTCTTC
Plate07,3,C6,nosZ.C029.04R.j ,ATGAACTTGCCAGCCTTGATCG
Plate07,3,C7,nosZ.C029.05R.j ,ATGAAATCGCCAGCTTTGACCG
Plate07,3,C8,nosZ.C029.01R.j ,TCGTATTGCCCATCTGCTACCA
Plate07,3,C9,nosZ.C029.02R.j ,CGTCTTTCAGGGCCTTCTTTATC
Plate07,3,C10,nosZ.C030.02R.j ,CGGCATCAATCACGTTAAACAG
Plate07,3,C11,nosZ.C030.01R.j ,CTTGCGGTCGAACTTCCAGTAG
Plate07,3,C12,nosZ.C030.03R.j ,CTTACGGTCGAACTTCCAGTAG
Plate07,3,D1,napA.C001.04R.j ,AGCAGGTGGATGTTGTAGATCAGG
Plate07,3,D2,napA.C001.02R.j ,AGAAGATGGATGTTGTAGCAAAGGTTG
Plate07,3,D3,napA.C001.05R.j ,AGCAGGTGGATGTTGTAGACCA
Plate07,3,D4,napA.C001.03R.j ,AGAAGATGCAGATTGTAGACCATC
Plate07,3,D5,napA.C001.01R.j ,AGCAAGTGAATGTTGTAGACCATG
Plate07,3,D6,napA.C002.02R.j ,TGTTGTTGACCATCACCCAGTA
Plate07,3,D7,napA.C002.01R.j ,TGTTGTTGACCTGCACCCAATA
Plate07,3,D8,napA.C002.04R.j ,TGTTGTTGACCTGTACCCAATAG
Plate07,3,D9,napA.C003.01R.j ,ATCGAGATTGTTGGAGCGGAAG
Plate07,3,D10,napA.C003.02R.j ,GTCGAGATTGTTGGAGCGGAAG
Plate07,3,D11,napA.C003.03R.j ,GTCGAGATTGTTGGAGCGGAATC
Plate07,3,D12,napA.C003.05R.j ,ATCAAGATTGTTGGAACGGAAACC
Plate07,3,E1,napA.C003.04R.j ,GTCGATATTGTTGGAGCGGAAG
Plate07,3,E2,napA.C004.01R.j ,TGGTGAAGCGCTTGGAGAATTC
Plate07,3,E3,napA.C004.02R.j ,CCTTGAAACGCTTGGAGAACTC
Plate07,3,E4,napA.C005.02R.j ,GCTCTTTGTGATAGGCGTCGAA
Plate07,3,E5,napA.C005.03R.j ,GTTCGGCGTGATAGGTGTCATA
Plate07,3,E6,napA.C005.01R.j ,GCGCCTTGTGATAATCGTCGAA
Plate07,3,E7,napA.C006.04R.j ,CTTGAGATTCGGGTCGGCATAAA
Plate07,3,E8,napA.C006.02R.j ,CTTGGTCTTGGGATCGGCATAGA
Plate07,3,E9,napA.C006.01R.j ,CTTGATGTTCGTGTCGGCGTAG
Plate07,3,E10,napA.C006.03R.j ,CTTGGTCTTGGGATCGGCATAC
Plate07,3,E11,napA.C006.06R.j ,CTTGGTCTTCGGATCGGCATAG
Plate07,3,E12,napA.C006.05R.j ,CTTGATGTTGGGATCGGCGTAAAG
Plate07,3,F1,napA.C007.03R.j ,GCAAATACTCCACAAATTCATCATACG
Plate07,3,F2,napA.C007.01R.j ,AGACGAACTTGGCGAATTCATC
Plate07,3,F3,napA.C007.02R.j ,AAACGAATTCCTTGAACGCCTC
Plate07,3,F4,napA.C007.04R.j ,AGACGAACTTGGCGAAATCATCAA
Plate07,3,F5,napA.C008.04R.j ,CAGTCTTCTCAAGGTTGTAGTCG
Plate07,3,F6,napA.C008.02R.j ,CGGTGTATTCCAGGTCGTACTTG
Plate07,3,F7,napA.C008.03R.j ,AGACCTTCTCGACCGTGTAGTC
Plate07,3,F8,napA.C008.01R.j ,AGACCTTCTCCAGCGTATAGTCC
Plate07,3,F9,napA.C009.03R.j ,GCCAGATATCGTACTCTTTATCCGG
Plate07,3,F10,napA.C009.05R.j ,GCCAAAGATCGAACTCCTTGTC
Plate07,3,F11,napA.C009.02R.j ,GCCAGATGTCGAACTCCTTGTC
Plate07,3,F12,napA.C009.01R.j ,GCCAGATGTCGTATTCCTTGTC
Plate07,3,G1,napA.C009.04R.j ,GCCAGACGTCGTATTCCTTGTC
Plate07,3,G2,napA.C010.01R.j ,TTCGGATCGGCATAAAGTTCGG
Plate07,3,G3,napA.C010.04R.j ,TTCGGATCGGCATAGAGTTCGG
Plate07,3,G4,napA.C010.03R.j ,TTGGGATCGGCATAGAGTTCGG
Plate07,3,G5,napA.C010.02R.j ,TTCGGGTCAGCATAGATCTCGG
Plate07,3,G6,napA.C011.03R.j ,GTCCTGCCCGTACATGATCTTG
Plate07,3,G7,napA.C011.02R.j ,GTCCTGCCCGTACATGATCTTC
Plate07,3,G8,napA.C011.01R.j ,GTCCGCGCCATACATGATCTTC
Plate07,3,G9,napA.C012.01R.j ,ATTCCACCAGCTGCCAGAGATC
Plate07,3,G10,napA.C012.03R.j ,ACTCCATCAGCTGCCAGAGATC
Plate07,3,G11,napA.C012.02R.j ,ATTCCATCATCTGCCAGAGGTC
Plate07,3,G12,napA.C013.01R.j ,AACTGCGCATATTCCTCGAACA
Plate07,3,H1,napA.C013.03R.j ,AAGCTGGCGTATTCCTCGAACA
Plate07,3,H2,napA.C013.02R.j ,AACTCGGCATATTCCTCGAAGA
Plate07,3,H3,napA.C014.02R.j ,GTTGTTGACCTGCACCCAATAG
Plate07,3,H4,napA.C014.01R.j ,GTTGTTGACCATGACCCAGTAG
Plate07,3,H5,napA.C015.01R.j ,CCGGCTTTACATAAGGGTCGTAC
Plate07,3,H6,napA.C015.02R.j ,CTTGGCTTACGAACGGATCAGC
Plate07,3,H7,napA.C016.02R.j ,AATCCCGCCTTCATCAGTTTCAG
Plate07,3,H8,napA.C016.01R.j ,AAGCCTGCCTTCATCAGTTTGA
Plate07,3,H9,napA.C017.01R.j ,TGTAGTCTCGCAGGAAGGTCTC
Plate07,3,H10,napA.C017.02R.j ,TGTATTCCGAGACCAGCTTCTTGTA
Plate07,3,H11,napA.C018.02R.j ,CGACATCACCTTGACCTTGGGA
Plate07,3,H12,napA.C018.01R.j ,CGACATGACCTTGAGATTCGGATC
Plate08,4,A1,napA.C019.02R.j ,TCGACCTTGAAGCGTTTGGAGA
Plate08,4,A2,napA.C019.01R.j ,TCCACCTTGAATCGCTTGGAGAA
Plate08,4,A3,napA.C020.01R.j ,GTTCGCTGATCTTTCCGGTGAG
Plate08,4,A4,napA.C021.01R.j ,CGTTGCCGTACATGATCTTGGAC
Plate08,4,A5,napA.C022.01R.j ,CGACATCACCTTGACCTTGGGA
Plate08,4,A6,narG.C001.03R.j,TCATAGGTGGCCGGATAATCGC
Plate08,4,A7,narG.C001.01R.j,TCATAGGTAGCAGGGTAGTCGC
Plate08,4,A8,narG.C001.02R.j,TCATACGTAGCAGGGTAGTCGC
Plate08,4,A9,narG.C001.04R.j,CGGTAGATGTCGTTGTAGTCGC
Plate08,4,A10,narG.C002.02R.j,CTTCTCGTCTTCTTTGTTCAGCG
Plate08,4,A11,narG.C002.03R.j,TTTCTCGTCTTCCTTGTTCAGC
Plate08,4,A12,narG.C002.01R.j,CTTCTCGTCCTCTTTGTGCAGC
Plate08,4,B1,narG.C003.04R.j,ACTGGCTGGCATGGTTGTAGAA
Plate08,4,B2,narG.C003.03R.j,ACTGGCTGGAGTGGTTATAGAA
Plate08,4,B3,narG.C003.02R.j,ATTGGCTGGAGTGATTGTAGAAA
Plate08,4,B4,narG.C003.01R.j,ACTGGCTGGAATGATTGTAGAAA
Plate08,4,B5,narG.C004.01R.j,GTACGCGGTCTGGATCATGTTG
Plate08,4,B6,narG.C004.04R.j,GTAGGCGGTCTGGATCATCTGG
Plate08,4,B7,narG.C004.05R.j,GCACGAGGTTGAATTCTGCTGA
Plate08,4,B8,narG.C004.03R.j,GAAGCTGGTGGAGTTCATCTGG
Plate08,4,B9,narG.C004.06R.j,GAAGGACGTCGAATTCTGCTGG
Plate08,4,B10,narG.C004.02R.j,GAAACTCGTGCTGTTCATCTGG
Plate08,4,B11,narG.C005.03R.j,ATCCAGCCAGTTAACGTTCTTCA
Plate08,4,B12,narG.C005.02R.j,CGCCGTCTAACCAGTTAATGTTCTTC
Plate08,4,C1,narG.C006.04R.j,GTCGCTGTAGGTGGAGTGGATAC
Plate08,4,C2,narG.C006.01R.j,GTCCTGGTATTCGGAGTGGATCG
Plate08,4,C3,narG.C006.05R.j,GTCCTGGTACTCGGAGTGGATC
Plate08,4,C4,narG.C006.02R.j,GTCCTGGTACTCGGAGTGGATG
Plate08,4,C5,narG.C007.02R.j,GTGTAGCGCTTGTAGAGATTCGGATA
Plate08,4,C6,narG.C007.05R.j,GTGAACTTGCGGTAGATGTCGTTG
Plate08,4,C7,narG.C007.06R.j,GTGAAGCGCTTGTAGACATTCG
Plate08,4,C8,narG.C007.04R.j,GTGAAGCGCTTGTACAGGTTGG
Plate08,4,C9,narG.C007.01R.j,GTGAAACGTTTGTACAGGTTGG
Plate08,4,C10,narG.C007.03R.j,GTGAACTGCTTGTAGAGATTCGGATAG
Plate08,4,C11,narG.C008.02R.j,AGGCAATGATGTACGAGCTGTTG
Plate08,4,C12,narG.C008.03R.j,AGATGACCAAATAAGACGAATTCCACC
Plate08,4,D1,narG.C008.01R.j,ACATCATGAGGTAGGTCGCGTC
Plate08,4,D2,narG.C009.04R.j,GGCGATCAGTTCATTGACCTCTTG
Plate08,4,D3,narG.C009.01R.j,GGCAATCAGTTCGTTCACTTCTTTC
Plate08,4,D4,narG.C009.03R.j,GGCAATCAGTTCGTTTACTTCTTTCC
Plate08,4,D5,narG.C009.02R.j,GGCGATCAGTTCATTGACCTCC
Plate08,4,D6,narG.C010.02R.j,GCCAATCGTCCCGTAGTAGTTG
Plate08,4,D7,narG.C010.04R.j,ACCGACCGTCCCGTAATAATTGAA
Plate08,4,D8,narG.C010.03R.j,GCCGACCGTACCGTAATAGTTG
Plate08,4,D9,narG.C010.01R.j,CCCAATTGGTCCATAATAATTAAAGTGA
Plate08,4,D10,narG.C010.05R.j,GCCGATGGTTCCGTAGTAGTTG
Plate08,4,D11,narG.C011.01R.j,GGGTGTTCACGATCTTCTCCTG
Plate08,4,D12,narG.C011.03R.j,GCATGTTCACGATCTTCTCCTG
Plate08,4,E1,narG.C011.04R.j,GAATGTACACCGTACGCTCGAC
Plate08,4,E2,narG.C012.04R.j,ATGAGGTGGCTGGGTTTGATGA
Plate08,4,E3,narG.C012.01R.j,ATGAGGTGGCTGGGTTTCATGA
Plate08,4,E4,narG.C012.02R.j,ATCAGGTGGCTCGGTTTGATCA
Plate08,4,E5,narG.C012.03R.j,ATCATGTGGGTCGGTTTGATCA
Plate08,4,E6,narG.C012.05R.j,ATCAGATGCGACGGTTTGATCATC
Plate08,4,E7,narG.C013.01R.j,TTTCCAGTCCTTAACGTCCAGC
Plate08,4,E8,narG.C013.03R.j,CTTCCAATCCTTGACGTCGACC
Plate08,4,E9,narG.C013.02R.j,CTTCCAGTCCGCAACATCGAAG
Plate08,4,E10,narG.C014.02R.j,GAACTTGACCATTTCGCCGAAG
Plate08,4,E11,narG.C014.01R.j,GAAGCGGGTATGGTCGGAGTAG
Plate08,4,E12,narG.C015.02R.j,CCATTGCCCACCTTGTTCATCA
Plate08,4,F1,narG.C015.01R.j,CCATTGCCGAGCTTGTTCATCA
Plate08,4,F2,narG.C015.03R.j,CTATTGCCGAGCTTGTTCATCA
Plate08,4,F3,narG.C016.01R.j,AGATTGTCTTGATACTCCGAGTGAATC
Plate08,4,F4,narG.C016.03R.j,TGATTGTCGCCATAGGTTGAATG
Plate08,4,F5,narG.C016.02R.j,AGATTGTCCTGATACTCGGAGTGA
Plate08,4,F6,narG.C017.03R.j,GAAGGTCAGTTCGCCGGATTTC
Plate08,4,F7,narG.C017.02R.j,CATCTTCAGCGTGCCGTCTTTC
Plate08,4,F8,narG.C017.01R.j,GAGTTCCAGTTCGCCGGATTTC
Plate08,4,F9,narG.C018.01R.j,CTGGTACTCGGAGTGGATCGAC
Plate08,4,F10,narG.C018.02R.j,CTGGTACTCGGAGTGAATCGACC
Plate08,4,F11,narG.C019.01R.j,ATCCAGTCGTTATCTTCAATACCCA
Plate08,4,F12,narG.C019.02R.j,ATCCAGTCGTTGTCCTTGATGC
Plate08,4,G1,narG.C020.01R.j,CCTTGTACTTGCGGGACTTCTC
Plate08,4,G2,narG.C022.01R.j,TGTTTCTCATACCAGGTTGCGG
Plate08,4,G3,narG.C023.01R.j,CTGGTACTCGGAGTGGATCGAC
Plate08,4,G4,narG.C024.01R.j,CTTGTTGTGCGGTGTGAGGTAC
Plate08,4,G5,narG.C025.01R.j,TGATCTCGAGCGGGTTCTTGTC
Plate08,4,G6,narG.C026.01R.j,CTGGTCGGTGTGCAAGTAGAAA
Plate08,4,G7,16S.r,
Plate08,4,G8,,
Plate08,4,G9,,
Plate08,4,G10,,
Plate08,4,G11,,
Plate08,4,G12,,
Plate08,4,H1,,
Plate08,4,H2,,
Plate08,4,H3,,
Plate08,4,H4,,
Plate08,4,H5,,
Plate08,4,H6,,
Plate08,4,H7,,
Plate08,4,H8,,
Plate08,4,H9,,
Plate08,4,H10,,
Plate08,4,H11,,
Plate08,4,H12,,